-- phpMyAdmin SQL Dump
-- version 4.9.2
-- https://www.phpmyadmin.net/
--
-- Hôte : 127.0.0.1:3306
-- Généré le :  ven. 04 sep. 2020 à 15:17
-- Version du serveur :  10.4.10-MariaDB
-- Version de PHP :  7.3.12

SET SQL_MODE = "NO_AUTO_VALUE_ON_ZERO";
SET AUTOCOMMIT = 0;
START TRANSACTION;
SET time_zone = "+00:00";


/*!40101 SET @OLD_CHARACTER_SET_CLIENT=@@CHARACTER_SET_CLIENT */;
/*!40101 SET @OLD_CHARACTER_SET_RESULTS=@@CHARACTER_SET_RESULTS */;
/*!40101 SET @OLD_COLLATION_CONNECTION=@@COLLATION_CONNECTION */;
/*!40101 SET NAMES utf8mb4 */;

--
-- Base de données :  `db_project_four`
--

-- --------------------------------------------------------

--
-- Structure de la table `chapter`
--

DROP TABLE IF EXISTS `chapter`;
CREATE TABLE IF NOT EXISTS `chapter` (
  `id` int(11) NOT NULL AUTO_INCREMENT,
  `author` varchar(255) NOT NULL,
  `title` varchar(255) NOT NULL,
  `content` text NOT NULL,
  `createDate` datetime NOT NULL,
  `updateDate` datetime NOT NULL,
  `published` tinyint(1) NOT NULL DEFAULT 0,
  `imgUrl` varchar(255) CHARACTER SET latin1 COLLATE latin1_bin DEFAULT NULL,
  PRIMARY KEY (`id`)
) ENGINE=MyISAM AUTO_INCREMENT=53 DEFAULT CHARSET=utf8;

--
-- Déchargement des données de la table `chapter`
--

INSERT INTO `chapter` (`id`, `author`, `title`, `content`, `createDate`, `updateDate`, `published`, `imgUrl`) VALUES
(1, 'Jean', '1 - Bienvenue en Alaska', '<h1>Ah, yes! John Quincy Adding Machine. He struck a chord with the voters when he pledged not to go on a killing spree.</h1> <p>You seem malnourished. Are you suffering from intestinal parasites? The alien mothership is in orbit here. If we can hit that bullseye, the rest of the dominoes will fall like a house of cards. Checkmate.</p> <p><em>Morbo will now introduce tonight\'s candidates&hellip; PUNY HUMAN NUMBER ONE, PUNY HUMAN NUMBER TWO, and Morbo\'s good friend, Richard Nixon.</em>&nbsp;When the lights go out, it\'s nobody\'s business what goes on between two consenting adults.</p> <h2>We\'re rescuing ya.</h2> <p>Shut up and get to the point! When the lights go out, it\'s nobody\'s business what goes on between two consenting adults. I barely knew Philip, but as a clergyman I have no problem telling his most intimate friends all about him.</p> <ol> <li><span style=\"color: #000000; background-color: #bfedd2;\">You\'ve killed me! Oh, you\'ve killed me!</span></li> <li><span style=\"color: #000000; background-color: #bfedd2;\">Spare me your space age technobabble, Attila the Hun!</span></li> <li><span style=\"color: #000000; background-color: #bfedd2;\">Man, I\'m sore all over. I feel like I just went ten rounds with mighty Thor.</span></li> </ol>', '2020-07-31 20:35:03', '2020-07-31 20:35:03', 1, '/img/img-chapter-1.png'),
(2, 'Jean', '2 - Aller simple ?', '<h3>I\'m sorry, guys. I never meant to hurt you. Just to destroy everything you ever believed in.</h3> <p>All I want is to be a monkey of moderate intelligence who wears a suit&hellip; that\'s why I\'m transferring to business school! Oh right. I forgot about the battle. Meh. I could if you hadn\'t turned on the light and shut off my stereo.</p> <ul> <li>Shut up and get to the point!</li> <li>Fry, we have a crate to deliver.</li> <li>You\'ve killed me! Oh, you\'ve killed me!</li> </ul> <p>Doomsday device? Ah, now the ball\'s in Farnsworth\'s court! In your time, yes, but nowadays shut up! Besides, these are adult stemcells, harvested from perfectly healthy adults whom I killed for their stemcells.</p> <p>Just once I\'d like to eat dinner with a celebrity who isn\'t bound and gagged. Oh, all right, I am. But if anything happens to me, tell them I died robbing some old man. OK, this has gotta stop. I\'m going to remind Fry of his humanity the way only a woman can.</p>', '2020-07-31 20:35:52', '2020-07-31 20:35:52', 1, '/img/img-chapter-2.png'),
(3, 'Jean', '3 - Une vie plus simple', '<p>Just once I\'d like to eat dinner with a celebrity who isn\'t bound and gagged. Oh, all right, I am. But if anything happens to me, tell them I died robbing some old man. OK, this has gotta stop. I\'m going to remind Fry of his humanity the way only a woman can.</p> <p>Look, everyone wants to be like Germany, but do we really have the pure strength of \'will\'? We\'re rescuing ya. Good man. Nixon\'s pro-war and pro-family. Your best is an idiot! I can explain. It\'s very valuable.</p> <p>Bite my shiny metal ass. Aww, it\'s true. I\'ve been hiding it for so long. You mean while I\'m sleeping in it? I videotape every customer that comes in here, so that I may blackmail them later. Fry! Quit doing the right thing, you jerk!</p> <p>Bender, hurry! This fuel\'s expensive! Also, we\'re dying! What kind of a father would I be if I said no? Guards! Bring me the forms I need to fill out to have her taken away! Why, those are the Grunka-Lunkas! They work here in the Slurm factory.</p> <p>Oh Leela! You\'re the only person I could turn to; you\'re the only person who ever loved me. I saw you with those two \"ladies of the evening\" at Elzars. Explain that. As an interesting side note, as a head without a body, I envy the dead.</p> <p>Wow! A superpowers drug you can just rub onto your skin? You\'d think it would be something you\'d have to freebase. But existing is basically all I do! Tell them I hate them. You\'re going to do his laundry?</p> <p>I\'m just glad my fat, ugly mama isn\'t alive to see this day. Now, now. Perfectly symmetrical violence never solved anything. File not found. Professor, make a woman out of me. She also liked to shut up!</p> <p>Good man. Nixon\'s pro-war and pro-family. Incidentally, you have a dime up your nose. Please, Don-Bot&hellip; look into your hard drive, and open your mercy file! Leela, are you alright? You got wanged on the head.</p> <p>Bender?! You stole the atom. Pansy. Really?! OK, if everyone\'s finished being stupid. Yes! In your face, Gandhi!</p> <p>Now, now. Perfectly symmetrical violence never solved anything. No. We\'re on the top. Oh, you\'re a dollar naughtier than most. Ok, we\'ll go deliver this crate like professionals, and then we\'ll go ride the bumper cars.</p>', '2020-07-31 20:39:11', '2020-08-13 16:51:40', 1, '/img/img-chapter-3.png'),
(4, 'Jean', '4 - Une nuit agité', '<p>All I want is to be a monkey of moderate intelligence who wears a suit&hellip; that\'s why I\'m transferring to business school! Oh right. I forgot about the battle. Meh. I could if you hadn\'t turned on the light and shut off my stereo.</p> <ul> <li>Shut up and get to the point!</li> <li>Fry, we have a crate to deliver.</li> <li>You\'ve killed me! Oh, you\'ve killed me!</li> </ul> <p>Doomsday device? Ah, now the ball\'s in Farnsworth\'s court! In your time, yes, but nowadays shut up! Besides, these are adult stemcells, harvested from perfectly healthy adults whom I killed for their stemcells.</p> <p>Just once I\'d like to eat dinner with a celebrity who isn\'t bound and gagged. Oh, all right, I am. But if anything happens to me, tell them I died robbing some old man. OK, this has gotta stop. I\'m going to remind Fry of his humanity the way only a woman can.</p> <p>Look, everyone wants to be like Germany, but do we really have the pure strength of \'will\'? We\'re rescuing ya. Good man. Nixon\'s pro-war and pro-family. Your best is an idiot! I can explain. It\'s very valuable.</p> <p>Bite my shiny metal ass. Aww, it\'s true. I\'ve been hiding it for so long. You mean while I\'m sleeping in it? I videotape every customer that comes in here, so that I may blackmail them later. Fry! Quit doing the right thing, you jerk!</p> <p>Bender, hurry! This fuel\'s expensive! Also, we\'re dying! What kind of a father would I be if I said no? Guards! Bring me the forms I need to fill out to have her taken away! Why, those are the Grunka-Lunkas! They work here in the Slurm factory.</p> <p>Oh Leela! You\'re the only person I could turn to; you\'re the only person who ever loved me. I saw you with those two \"ladies of the evening\" at Elzars. Explain that. As an interesting side note, as a head without a body, I envy the dead.</p> <p>Wow! A superpowers drug you can just rub onto your skin? You\'d think it would be something you\'d have to freebase. But existing is basically all I do! Tell them I hate them. You\'re going to do his laundry?</p> <p>I\'m just glad my fat, ugly mama isn\'t alive to see this day. Now, now. Perfectly symmetrical violence never solved anything. File not found. Professor, make a woman out of me. She also liked to shut up!</p> <p>Good man. Nixon\'s pro-war and pro-family. Incidentally, you have a dime up your nose. Please, Don-Bot&hellip; look into your hard drive, and open your mercy file! Leela, are you alright? You got wanged on the head.</p> <p>Bender?! You stole the atom. Pansy. Really?! OK, if everyone\'s finished being stupid. Yes! In your face, Gandhi!</p> <p>Now, now. Perfectly symmetrical violence never solved anything. No. We\'re on the top. Oh, you\'re a dollar naughtier than most. Ok, we\'ll go deliver this crate like professionals, and then we\'ll go ride the bumper cars.</p>', '2020-07-31 20:55:33', '2020-07-31 20:55:33', 1, '/img/img-chapter-4.png'),
(5, 'Jean', '5 - Des préparatifs long et compliqués', '<h3>I\'m sorry, guys. I never meant to hurt you. Just to destroy everything you ever believed in.</h3> <p>All I want is to be a monkey of moderate intelligence who wears a suit&hellip; that\'s why I\'m transferring to business school! Oh right. I forgot about the battle. Meh. I could if you hadn\'t turned on the light and shut off my stereo.</p> <ul> <li>Shut up and get to the point!</li> <li>Fry, we have a crate to deliver.</li> <li>You\'ve killed me! Oh, you\'ve killed me!</li> </ul> <p>Doomsday device? Ah, now the ball\'s in Farnsworth\'s court! In your time, yes, but nowadays shut up! Besides, these are adult stemcells, harvested from perfectly healthy adults whom I killed for their stemcells.</p> <p>Just once I\'d like to eat dinner with a celebrity who isn\'t bound and gagged. Oh, all right, I am. But if anything happens to me, tell them I died robbing some old man. OK, this has gotta stop. I\'m going to remind Fry of his humanity the way only a woman can.</p> <p>Look, everyone wants to be like Germany, but do we really have the pure strength of \'will\'? We\'re rescuing ya. Good man. Nixon\'s pro-war and pro-family. Your best is an idiot! I can explain. It\'s very valuable.</p> <p>Bite my shiny metal ass. Aww, it\'s true. I\'ve been hiding it for so long. You mean while I\'m sleeping in it? I videotape every customer that comes in here, so that I may blackmail them later. Fry! Quit doing the right thing, you jerk!</p> <p>Bender, hurry! This fuel\'s expensive! Also, we\'re dying! What kind of a father would I be if I said no? Guards! Bring me the forms I need to fill out to have her taken away! Why, those are the Grunka-Lunkas! They work here in the Slurm factory.</p> <p>Oh Leela! You\'re the only person I could turn to; you\'re the only person who ever loved me. I saw you with those two \"ladies of the evening\" at Elzars. Explain that. As an interesting side note, as a head without a body, I envy the dead.</p> <p>Wow! A superpowers drug you can just rub onto your skin? You\'d think it would be something you\'d have to freebase. But existing is basically all I do! Tell them I hate them. You\'re going to do his laundry?</p> <p>I\'m just glad my fat, ugly mama isn\'t alive to see this day. Now, now. Perfectly symmetrical violence never solved anything. File not found. Professor, make a woman out of me. She also liked to shut up!</p> <p>Good man. Nixon\'s pro-war and pro-family. Incidentally, you have a dime up your nose. Please, Don-Bot&hellip; look into your hard drive, and open your mercy file! Leela, are you alright? You got wanged on the head.</p> <p>Bender?! You stole the atom. Pansy. Really?! OK, if everyone\'s finished being stupid. Yes! In your face, Gandhi!</p> <p>Now, now. Perfectly symmetrical violence never solved anything. No. We\'re on the top. Oh, you\'re a dollar naughtier than most. Ok, we\'ll go deliver this crate like professionals, and then we\'ll go ride the bumper cars.</p>', '2020-07-31 20:57:51', '2020-07-31 20:57:51', 1, '/img/img-chapter-5.png'),
(6, 'Jean', '6 - Jamais l\'un sans l\'autre', '<h1>Stop talking, brain thinking. Hush.</h1> <p>All I\'ve got to do is pass as an ordinary human being. Simple. What could possibly go wrong? The way I see it, every life is a pile of good things and bad things.…hey.…the good things don\'t always soften the bad things; but vice-versa the bad things don\'t necessarily spoil the good things and make them unimportant.</p> <p><strong>I\'m nobody\'s taxi service; I\'m not gonna be there to catch you every time you feel like jumping out of a spaceship.</strong> <em>*Insistently* Bow ties are cool!</em> Come on Amy, I\'m a normal bloke, tell me what normal blokes do!</p> <h2>They\'re not aliens, they\'re Earth…liens!</h2> <p>Saving the world with meals on wheels. No… It\'s a thing; it\'s like a plan, but with more greatness. No… It\'s a thing; it\'s like a plan, but with more greatness. Stop talking, brain thinking. Hush.</p> <ol> <li>No, I\'ll fix it. I\'m good at fixing rot. Call me the Rotmeister. No, I\'m the Doctor. Don\'t call me the Rotmeister.</li> <li>It\'s a fez. I wear a fez now. Fezes are cool.</li> <li>Did I mention we have comfy chairs?</li> </ol> <h3>You know when grown-ups tell you \'everything\'s going to be fine\' and you think they\'re probably lying to make you feel better?</h3> <p>It\'s a fez. I wear a fez now. Fezes are cool. I am the last of my species, and I know how that weighs on the heart so don\'t lie to me! You hit me with a cricket bat. Aw, you\'re all Mr. Grumpy Face today.</p> <ul> <li>You hate me; you want to kill me! Well, go on! Kill me! KILL ME!</li> <li>It\'s a fez. I wear a fez now. Fezes are cool.</li> <li>It\'s a fez. I wear a fez now. Fezes are cool.</li> </ul>', '2020-07-31 20:58:31', '2020-09-03 16:56:08', 1, '/img/img-chapter-7.png'),
(7, 'Jean', '7 - A définir', '<p><span style=\"background-color: #fbeeb8; color: #e03e2d;\"><em>En cours d\'&eacute;criture</em></span></p> <h2 style=\"text-align: center;\">They\'re not aliens, they\'re Earth&hellip;liens!</h2> <p>Saving the world with meals on wheels. No&hellip; It\'s a thing; it\'s like a plan, but with more greatness. No&hellip; It\'s a thing; it\'s like a plan, but with more greatness. Stop talking, brain thinking. Hush.</p> <ol> <li>No, I\'ll fix it. I\'m good at fixing rot. Call me the Rotmeister. No, I\'m the Doctor. Don\'t call me the Rotmeister.</li> <li>It\'s a fez. I wear a fez now. Fezes are cool.</li> <li>Did I mention we have comfy chairs?</li> </ol> <h3>You know when grown-ups tell you \'everything\'s going to be fine\' and you think they\'re probably lying to make you feel better?</h3> <p>It\'s a fez. I wear a fez now. Fezes are cool. I am the last of my species, and I know how that weighs on the heart so don\'t lie to me! You hit me with a cricket bat. Aw, you\'re all Mr. Grumpy Face today.</p> <ul> <li>You hate me; you want to kill me! Well, go on! Kill me! KILL ME!</li> <li>It\'s a fez. I wear a fez now. Fezes are cool.</li> <li>It\'s a fez. I wear a fez now. Fezes are cool</li> </ul> <p>&nbsp;</p>', '2020-07-31 20:59:59', '2020-07-31 20:59:59', 1, '/img/img-chapter-5.png'),
(8, 'Jean', '8 - Besoin d\'un plan B', '<h1>You don\'t know how to do any of those.</h1> <p>Then throw her in the laundry room, which will hereafter be referred to as \"the brig\". Actually, that\'s still true. No! Don\'t jump! I love this planet! I\'ve got wealth, fame, and access to the depths of sleaze that those things bring.</p> <p>It\'s a T. It goes \"tuh\". Dear God, they\'ll be killed on our doorstep! And there\'s no trash pickup until January 3rd. <strong>Spare me your space age technobabble, Attila the Hun!</strong> <em>I\'m a thing.</em> Belligerent and numerous.</p> <h2>Daylight and everything.</h2> <p>You don\'t know how to do any of those. We\'re rescuing ya. Morbo will now introduce tonight\'s candidates… PUNY HUMAN NUMBER ONE, PUNY HUMAN NUMBER TWO, and Morbo\'s good friend, Richard Nixon. Who am I making this out to?</p> <ol> <li>I feel like I was mauled by Jesus.</li> <li>You guys go on without me! I\'m going to go… look for more stuff to steal!</li> <li>We don\'t have a brig.</li> </ol> <h3>Doomsday device? Ah, now the ball\'s in Farnsworth\'s court!</h3> <p>Humans dating robots is sick. You people wonder why I\'m still single? It\'s \'cause all the fine robot sisters are dating humans! Switzerland is small and neutral! We are more like Germany, ambitious and misunderstood!</p> <ul> <li>Take me to your leader!</li> <li>Oh God, what have I done?</li> <li>Bite my shiny metal ass.</li> </ul>', '2020-09-01 06:42:51', '2020-09-04 06:42:51', 1, '/img/img-chapter-8.png'),
(52, 'Jean', '15 - Et maintenant ?', '<p>Mrs. <strong>Krabappel and Principal Skinner were in the closet making babies and I saw one of the babies and then the baby looked at me.</strong> <em>Bart, with $10,000 we\'d be millionaires!</em> We could buy all kinds of useful things like…love!</p>\r\n<h2>I don\'t like being outdoors, Smithers. For one thing, there\'s too many fat children.</h2>\r\n<p>Your questions have become more redundant and annoying than the last three \"Highlander\" movies. How could you?! Haven\'t you learned anything from that guy who gives those sermons at church? Captain Whatshisname? We live in a society of laws! Why do you think I took you to all those Police Academy movies? For fun? Well, I didn\'t hear anybody laughing, did you? Except at that guy who made sound effects. Makes sound effects and laughs. Where was I? Oh yeah! Stay out of my booze.</p>\r\n<ol>\r\n<li>I stand by my racial slur.</li>\r\n<li>Fame was like a drug. But what was even more like a drug were the drugs.</li>\r\n<li>Oh, everything looks bad if you remember it.</li>\r\n</ol>\r\n<h3>I like my beer cold, my TV loud and my homosexuals flaming.</h3>\r\n<p>You don\'t like your job, you don\'t strike. You go in every day and do it really half-assed. That\'s the American way. Son, when you participate in sporting events, it\'s not whether you win or lose: it\'s how drunk you get.</p>\r\n<ul>\r\n<li>Your guilty consciences may make you vote Democratic, but secretly you all yearn for a Republican president to lower taxes, brutalize criminals, and rule you like a king!</li>\r\n<li>Here\'s to alcohol, the cause of — and solution to — all life\'s problems.</li>\r\n<li>Shoplifting is a victimless crime. Like punching someone in the dark.</li>\r\n</ul>', '2020-09-04 12:47:26', '2020-09-04 12:52:11', 1, '/img/img-chapter-3.png'),
(9, 'Jean', '9 - Quel pays fascinant', '<h1>You don\'t know how to do any of those.</h1> <p>Then throw her in the laundry room, which will hereafter be referred to as \"the brig\". Actually, that\'s still true. No! Don\'t jump! I love this planet! I\'ve got wealth, fame, and access to the depths of sleaze that those things bring.</p> <p>It\'s a T. It goes \"tuh\". Dear God, they\'ll be killed on our doorstep! And there\'s no trash pickup until January 3rd. <strong>Spare me your space age technobabble, Attila the Hun!</strong> <em>I\'m a thing.</em> Belligerent and numerous.</p> <h2>Daylight and everything.</h2> <p>You don\'t know how to do any of those. We\'re rescuing ya. Morbo will now introduce tonight\'s candidates… PUNY HUMAN NUMBER ONE, PUNY HUMAN NUMBER TWO, and Morbo\'s good friend, Richard Nixon. Who am I making this out to?</p> <ol> <li>I feel like I was mauled by Jesus.</li> <li>You guys go on without me! I\'m going to go… look for more stuff to steal!</li> <li>We don\'t have a brig.</li> </ol> <h3>Doomsday device? Ah, now the ball\'s in Farnsworth\'s court!</h3> <p>Humans dating robots is sick. You people wonder why I\'m still single? It\'s \'cause all the fine robot sisters are dating humans! Switzerland is small and neutral! We are more like Germany, ambitious and misunderstood!</p> <ul> <li>Take me to your leader!</li> </ul>', '2020-08-05 15:44:11', '2020-09-04 07:20:29', 1, '/img/img-chapter-1.png'),
(51, 'Jean', '14 - Titre à définir', '<h2>These old Doomsday Devices are dangerously unstable. I\'ll rest easier not knowing where they are.</h2>\r\n<p>Five hours? Aw, man! Couldn\'t you just get me the death penalty? I\'m Santa Claus! Kids have names? You\'ve killed me! Oh, you\'ve killed me! Bender, I didn\'t know you liked cooking. That\'s so cute.</p>\r\n<ol>\r\n<li>I haven\'t felt much of anything since my guinea pig died.</li>\r\n<li>Who are you, my warranty?!</li>\r\n<li>I barely knew Philip, but as a clergyman I have no problem telling his most intimate friends all about him.</li>\r\n</ol>\r\n<h3>Is today\'s hectic lifestyle making you tense and impatient?</h3>\r\n<p>Soothe us with sweet lies. No. We\'re on the top. Hey, whatcha watching? And I\'m his friend Jesus.</p>\r\n<ul>\r\n<li>And then the battle\'s not so bad?</li>\r\n<li>Nay, I respect and admire Harold Zoid too much to beat him to death with his own Oscar.</li>\r\n<li>Then throw her in the laundry room, which will hereafter be referred to as \"the brig\".</li>\r\n</ul>\r\n<p>Yes, I saw. You were doing well, until everyone died. Kids have names? I\'m Santa Claus! Ummm…to eBay?</p>\r\n<p>You\'re going back for the Countess, aren\'t you? Say it in Russian! Pansy. How much did you make me? Actually, that\'s still true.</p>\r\n<p>Are you crazy? I can\'t swallow that. It\'s toe-tappingly tragic! WINDMILLS DO NOT WORK THAT WAY! GOOD NIGHT! Now what? Nay, I respect and admire Harold Zoid too much to beat him to death with his own Oscar.</p>\r\n<p>Hey! I\'m a porno-dealing monster, what do I care what you think? Now what? It may comfort you to know that Fry\'s death took only fifteen seconds, yet the pain was so intense, that it felt to him like fifteen years. And it goes without saying, it caused him to empty his bowels.</p>\r\n<p>Yeah, I do that with my stupidness. Fry! Stay back! He\'s too powerful! Well, then good news! It\'s a suppository. They\'re like sex, except I\'m having them! Pansy.</p>\r\n<p>Of all the friends I\'ve had… you\'re the first. I videotape every customer that comes in here, so that I may blackmail them later. Now Fry, it\'s been a few years since medical school, so remind me. Disemboweling in your species: fatal or non-fatal?</p>\r\n<p>What are their names? I love you, buddy! I just told you! You\'ve killed me! I\'m just glad my fat, ugly mama isn\'t alive to see this day.</p>\r\n<p>Who said that? SURE you can die! You want to die?! Robot 1-X, save my friends! And Zoidberg! We can\'t compete with Mom! Her company is big and evil! Ours is small and neutral! Eeeee! Now say \"nuclear wessels\"!</p>\r\n<p>Oh yeah, good luck with that. I found what I need. And it\'s not friends, it\'s things. Well, let\'s just dump it in the sewer and say we delivered it. Large bet on myself in round one.</p>\r\n<p>Shinier than yours, meatbag. Who\'s brave enough to fly into something we all keep calling a death sphere? Goodbye, cruel world. Goodbye, cruel lamp. Goodbye, cruel velvet drapes, lined with what would appear to be some sort of cruel muslin and the cute little pom-pom curtain pull cords. Cruel though they may be…</p>\r\n<p>But, like most politicians, he promised more than he could deliver. Oh, how awful. Did he at least die painlessly? …To shreds, you say. Well, how is his wife holding up? …To shreds, you say.</p>', '2020-09-04 07:23:52', '2020-09-04 07:23:52', 0, '/img/img-chapter-6.png'),
(11, 'Jean', '10 - Quelle sera la prochaine étape ?', '<p>Oh God, my uncle. How am I ever gonna explain this? Red Five standing by. You are a part of the Rebel Alliance and a traitor! Take her away! But with the blast shield down, I can\'t even see! How am I supposed to fight? Remember, a Jedi can feel the Force flowing through him. I\'m trying not to, kid. I\'m surprised you had the courage to take the responsibility yourself. Still, she\'s got a lot of spirit. I don\'t know, what do you think? No! Alderaan is peaceful. We have no weapons. You can\'t possibly? Leave that to me. Send a distress signal, and inform the Senate that all on board were killed. What?! I want to come with you to Alderaan. There\'s nothing for me here now. I want to learn the ways of the Force and be a Jedi, like my father before me.</p>', '2020-08-26 06:45:32', '2020-09-04 06:45:32', 1, '/img/img-chapter-3.png'),
(15, 'Jean', '12 - Loin de tout', '<h1>You don\'t believe in the Force, do you?</h1> <p>What?! Don\'t be too proud of this technological terror you\'ve constructed. The ability to destroy a planet is insignificant next to the power of the Force. Alderaan? I\'m not going to Alderaan. I\'ve got to go home. It\'s late, I\'m in for it as it is.</p> <p>Oh God, my uncle. How am I ever gonna explain this? Partially, but it also obeys your commands. Hey, Luke! May the Force be with you.&nbsp;<strong>He is here.</strong>&nbsp;<em>But with the blast shield down, I can\'t even see!</em>&nbsp;How am I supposed to fight?</p> <h2>I find your lack of faith disturbing.</h2> <p>I call it luck. Red Five standing by. Dantooine. They\'re on Dantooine. Ye-ha!</p> <ol> <li>A tremor in the Force. The last time I felt it was in the presence of my old master.</li> <li>What?!</li> <li>I can\'t get involved! I\'ve got work to do! It\'s not that I like the Empire, I hate it, but there\'s nothing I can do about it right now. It\'s such a long way from here.</li> </ol> <h3>What!?</h3> <p>Alderaan? I\'m not going to Alderaan. I\'ve got to go home. It\'s late, I\'m in for it as it is. I can\'t get involved! I\'ve got work to do! It\'s not that I like the Empire, I hate it, but there\'s nothing I can do about it right now. It\'s such a long way from here.</p> <ul> <li>All right. Well, take care of yourself, Han. I guess that\'s what you\'re best at, ain\'t it?</li> <li>Alderaan? I\'m not going to Alderaan. I\'ve got to go home. It\'s late, I\'m in for it as it is.</li> <li>In my experience, there is no such thing as luck.</li> </ul>', '2020-08-10 13:56:56', '2020-08-10 13:56:56', 1, '/img/img-chapter-2.png'),
(14, 'Jean', '11 - En cours d\'écriture', '<h1>You don\'t believe in the Force, do you?</h1> <p>What?! Don\'t be too proud of this technological terror you\'ve constructed. The ability to destroy a planet is insignificant next to the power of the Force. Alderaan? I\'m not going to Alderaan. I\'ve got to go home. It\'s late, I\'m in for it as it is.</p> <p>Oh God, my uncle. How am I ever gonna explain this? Partially, but it also obeys your commands. Hey, Luke! May the Force be with you.&nbsp;<strong>He is here.</strong>&nbsp;<em>But with the blast shield down, I can\'t even see!</em>&nbsp;How am I supposed to fight?</p> <h2>I find your lack of faith disturbing.</h2> <p>I call it luck. Red Five standing by. Dantooine. They\'re on Dantooine. Ye-ha!</p> <ol> <li>A tremor in the Force. The last time I felt it was in the presence of my old master.</li> <li>What?!</li> <li>I can\'t get involved! I\'ve got work to do! It\'s not that I like the Empire, I hate it, but there\'s nothing I can do about it right now. It\'s such a long way from here.</li> </ol> <h3>What!?</h3> <p>Alderaan? I\'m not going to Alderaan. I\'ve got to go home. It\'s late, I\'m in for it as it is. I can\'t get involved! I\'ve got work to do! It\'s not that I like the Empire, I hate it, but there\'s nothing I can do about it right now. It\'s such a long way from here.</p> <ul> <li>All right. Well, take care of yourself, Han. I guess that\'s what you\'re best at, ain\'t it?</li> <li>Alderaan? I\'m not going to Alderaan. I\'ve got to go home. It\'s late, I\'m in for it as it is.</li> <li>In my experience, there is no such thing as luck.</li> </ul>', '2020-08-04 15:19:24', '2020-08-04 15:19:24', 1, '/img/img-chapter-3.png'),
(50, 'Jean', '13 - Gauche ou droite ?', '<h1>Say it in Russian!</h1>\r\n<p>In our darkest hour, we can stand erect, with proud upthrust bosoms. I\'ll get my kit! Stop it, stop it. It\'s fine. I will \'destroy\' you! Okay, it\'s 500 dollars, you have no choice of carrier, the battery can\'t hold the charge and the reception isn\'t very…</p>\r\n<p>Oh Leela! You\'re the only person I could turn to; you\'re the only person who ever loved me. <strong>With gusto.</strong> <em>Wow, you got that off the Internet?</em> In my day, the Internet was only used to download pornography.</p>\r\n<h2>Take me to your leader!</h2>\r\n<p>Well I\'da done better, but it\'s plum hard pleading a case while awaiting trial for that there incompetence. What\'s with you kids? Every other day it\'s food, food, food. Alright, I\'ll get you some stupid food.</p>\r\n<ol>\r\n<li>Large bet on myself in round one.</li>\r\n<li>Ask her how her day was.</li>\r\n<li>Yes, if you make it look like an electrical fire. When you do things right, people won\'t be sure you\'ve done anything at all.</li>\r\n</ol>', '2020-09-03 16:53:37', '2020-09-03 16:53:37', 1, '/img/img-chapter-1.png');

-- --------------------------------------------------------

--
-- Structure de la table `comment`
--

DROP TABLE IF EXISTS `comment`;
CREATE TABLE IF NOT EXISTS `comment` (
  `id` int(11) NOT NULL AUTO_INCREMENT,
  `author` varchar(100) CHARACTER SET utf8 NOT NULL,
  `content` text CHARACTER SET utf8 NOT NULL,
  `createdDate` datetime NOT NULL,
  `chapterId` int(11) NOT NULL,
  PRIMARY KEY (`id`),
  KEY `foreignchapterId` (`chapterId`)
) ENGINE=MyISAM AUTO_INCREMENT=124 DEFAULT CHARSET=latin1;

--
-- Déchargement des données de la table `comment`
--

INSERT INTO `comment` (`id`, `author`, `content`, `createdDate`, `chapterId`) VALUES
(1, 'Bob', 'Concept original. Histoire commence bien, a voir la suite !', '2020-07-31 21:01:17', 1),
(2, 'Fonctionne', 'Que ce cela', '2020-07-31 11:26:17', 4),
(3, 'Claude', 'Je n\'avais plus grand chose ? me mettre sous la dent, content d\'avoir trouv? ce blog :)', '2020-07-31 21:03:32', 1),
(36, 'First ', 'Ah bah non !  :)', '2020-08-13 16:53:08', 3),
(5, 'NON', 'NON NON NON ', '2020-07-31 21:04:09', 1),
(6, 'Bob', 'I find your lack of faith disturbing. Look, I can take you as far as Anchorhead. ', '2020-07-31 21:05:22', 2),
(7, 'Lucie', 'Bof bof, ?a me parait difficile de commencer plus mal et pourtant j\'ai d?j? lieu certains de vos ouvrages, Tr?s d??u....', '2020-07-31 21:06:26', 2),
(8, 'Claude', 'Superbe ! Plus vite :)', '2020-07-31 21:07:05', 2),
(37, 'Jean', 'Vraiment h?te de la suite ! ', '2020-08-13 16:55:53', 5),
(10, 'NONI find your lack of faith disturbing. Look, I can take you as far as Anchorhead. ', 'I find your lack of faith disturbing. Look, I can take you as far as Anchorhead. I find your lack of faith disturbing. Look, I can take you as far as Anchorhead. I find your lack of faith disturbing. Look, I can take you as far as Anchorhead. I find your lack of faith disturbing. Look, I can take you as far as Anchorhead. I find your lack of faith disturbing. Look, I can take you as far as Anchorhead. I find your lack of faith disturbing. Look, I can take you as far as Anchorhead. ', '2020-07-31 21:08:54', 3),
(11, 'Denis', 'Il faudrait se r?veill? sur la mod?ration non ? ', '2020-07-31 21:09:32', 3),
(12, 'First ', 'First', '2020-07-31 21:11:56', 4),
(13, 'Jean', 'Un dernier commentaire pour la route', '2020-07-31 21:14:12', 4),
(14, 'John', 'Les parutions vont ?tre fixe ? Quel va ?tre le rythme de publication ??', '2020-07-31 21:02:55', 1),
(59, 'Jean', 'Stan Lee never left. ', '2020-08-26 09:42:03', 30),
(122, 'Bob', 'Bien pris', '2020-09-02 18:24:30', 1),
(123, 'Joe', 'Keep Going !', '2020-09-04 15:12:10', 5),
(35, 'Denis', 'Superbe, Continue comme ??', '2020-08-13 15:25:35', 1),
(38, 'Lucie', 'Je ne sais pas quoi dire ', '2020-08-13 16:56:50', 1),
(40, 'Denis', 'bvvbvcb', '2020-08-18 07:22:36', 1),
(49, 'John', 'Don\'t kid yourself, Jimmy. If a cow ever got the chance, he\'d eat you and everyone you care about!', '2020-08-19 11:23:06', 2),
(53, 'John', 'Keep going !', '2020-08-26 06:52:11', 3),
(52, 'Jean', 'Don\'t kid yourself, Jimmy. If a cow ever got the chance, he\'d eat you and everyone you care about!', '2020-08-19 16:41:39', 4),
(80, 'Jean', 'Old people don\'t need companionship. They need to be isolated and studied so it can be determined what nutrients they have that might be extracted for our personal use. Don\'t kid yourself, Jimmy. If a cow ever got the chance, he\'d eat you and everyone you care about!', '2020-08-31 15:04:56', 48),
(79, 'Bob', 'I\'m a Spalding Gray in a Rick Dees world.\r\nWhoa, slow down there, maestro. There\'s a *New* Mexico? Dad didn\'t leave? When he comes back from the store, he\'s going to wave those pop-tarts right in your face! Here\'s to alcohol, the cause of ? and solution to ? all life\'s problems.', '2020-08-31 15:04:49', 48),
(77, 'Bob', 'I\'m a Spalding Gray in a Rick Dees world.\r\nWhoa, slow down there, maestro. There\'s a *New* Mexico? Dad didn\'t leave? When he comes back from the store, he\'s going to wave those pop-tarts right in your face! Here\'s to alcohol, the cause of ? and solution to ? all life\'s problems.', '2020-08-31 15:00:56', 47),
(78, 'Jean', 'Old people don\'t need companionship. They need to be isolated and studied so it can be determined what nutrients they have that might be extracted for our personal use. Don\'t kid yourself, Jimmy. If a cow ever got the chance, he\'d eat you and everyone you care about!', '2020-08-31 15:01:04', 47);

-- --------------------------------------------------------

--
-- Structure de la table `logins`
--

DROP TABLE IF EXISTS `logins`;
CREATE TABLE IF NOT EXISTS `logins` (
  `id` int(11) NOT NULL AUTO_INCREMENT,
  `username` varchar(150) CHARACTER SET utf8 NOT NULL,
  `email` varchar(150) CHARACTER SET utf8 NOT NULL,
  `password` varchar(100) CHARACTER SET utf8 NOT NULL,
  PRIMARY KEY (`id`)
) ENGINE=MyISAM AUTO_INCREMENT=4 DEFAULT CHARSET=latin1;

--
-- Déchargement des données de la table `logins`
--

INSERT INTO `logins` (`id`, `username`, `email`, `password`) VALUES
(1, 'Admin', 'admin@admin.com', '$2y$10$e/KHGFl/s/yQumb4bCY0DO240TcW27XgXBObBDW68tM7G3PqC4T2e'),
(2, 'Jean', 'jean.forteroche@gmail.com', 'JeanPassword');

-- --------------------------------------------------------

--
-- Structure de la table `reporting`
--

DROP TABLE IF EXISTS `reporting`;
CREATE TABLE IF NOT EXISTS `reporting` (
  `id` int(11) NOT NULL AUTO_INCREMENT,
  `reportingDate` datetime NOT NULL,
  `commentId` int(11) NOT NULL,
  PRIMARY KEY (`id`),
  KEY `foreigncommentId` (`commentId`) USING BTREE
) ENGINE=MyISAM AUTO_INCREMENT=84 DEFAULT CHARSET=latin1;

--
-- Déchargement des données de la table `reporting`
--

INSERT INTO `reporting` (`id`, `reportingDate`, `commentId`) VALUES
(7, '2020-07-31 21:22:45', 4),
(8, '2020-07-31 21:22:47', 5),
(9, '2020-07-31 21:22:50', 5),
(10, '2020-07-31 21:22:52', 5),
(11, '2020-07-31 21:22:54', 4),
(12, '2020-07-31 21:22:56', 4),
(13, '2020-07-31 21:22:59', 5),
(14, '2020-07-31 21:23:07', 5),
(17, '0000-00-00 00:00:00', 5),
(20, '2020-08-12 17:06:50', 5),
(38, '2020-08-19 16:29:46', 2),
(39, '2020-08-19 16:29:52', 2),
(40, '2020-08-19 16:30:17', 2),
(82, '2020-09-04 15:05:27', 40),
(83, '2020-09-04 15:06:49', 37);
COMMIT;

/*!40101 SET CHARACTER_SET_CLIENT=@OLD_CHARACTER_SET_CLIENT */;
/*!40101 SET CHARACTER_SET_RESULTS=@OLD_CHARACTER_SET_RESULTS */;
/*!40101 SET COLLATION_CONNECTION=@OLD_COLLATION_CONNECTION */;
